Workbook

Sheet R vs A
A1: Relative & Absolute | G1: $ | H1: F4 | I1: Fn+F4
A3: Relative | F3: Absolute
A4: P | B4: Q | C4: Price | D4: Amount | F4: P | G4: Q | H4: Price | I4: Amount
A5: A | B5: 4 | C5: 10 | D5: =B5*C5 -> 40 | F5: A | G5: 10 | H5: 40 | I5: =G5*$H$5 -> 400
A6: B | B6: 1 | C6: 2 | D6: =B6*C6 -> 2 | F6: B | G6: 1 | H6: 2 | I6: =G6*$H$5 -> 40
A7: C | B7: 3 | C7: 3 | D7: =B7*C7 -> 9 | F7: C | G7: 3 | H7: 3 | I7: =G7*$H$5 -> 120
A8: D | B8: 3 | C8: 4 | D8: =B8*C8 -> 12 | F8: D | G8: 4 | H8: 4 | I8: =G8*$H$5 -> 160

Sheet Account Transaction
A1: Account Transaction
A3: SN | B3: Order Date | C3: Name | D3: Branch | E3: Amount | F3: Transportation | G3: Total Amount | H3: Tax Amount | I3: Total Amount after Tax
A4: 1 | B4: 45300 | C4: Ahmed Alaa | D4: Cairo | E4: 14000 | F4: ='Extra info'!$B$3 -> 2000 | K4: Total Amount
A5: 2 | B5: 45301 | C5: fady ibrahim | D5: Suez | E5: 7500 | F5: ='Extra info'!$B$3 -> 2000 | K5: Max
A6: 3 | B6: 45304 | C6: Amin elgebaly | D6: Tanta | E6: 15000 | F6: ='Extra info'!$B$3 -> 2000 | K6: Min
A7: 4 | B7: 45305 | C7: Ibrahim Ali | D7: October | E7: 10600 | F7: ='Extra info'!$B$3 -> 2000 | K7: Avg
A8: 5 | B8: 45306 | C8: atef tareq | D8: Smart Village | E8: 12300 | F8: ='Extra info'!$B$3 -> 2000 | K8: First Order(date):
A9: 6 | B9: 45307 | C9: Merit Amr | D9: Cairo | E9: 9160 | F9: ='Extra info'!$B$3 -> 2000 | K9: Largest Tax
A10: 7 | B10: 45308 | C10: Mohamed Elshahed | D10: Suez | E10: 14460 | F10: ='Extra info'!$B$3 -> 2000 | K10: Date of Latest Order:
A11: 8 | B11: 45310 | C11: mohamed hosam | D11: Tanta | E11: 13300 | F11: ='Extra info'!$B$3 -> 2000
A12: 9 | B12: 45311 | C12: shehta fouad | D12: Suez | E12: 7020 | F12: ='Extra info'!$B$3 -> 2000
A13: 10 | B13: 45312 | C13: Moataz Mohamed | D13: Cairo | E13: 7400 | F13: ='Extra info'!$B$3 -> 2000
A14: 11 | B14: 45327 | C14: mohamed ahmed | D14: Suez | E14: 5214 | F14: ='Extra info'!$B$3 -> 2000
A15: 12 | B15: 45328 | C15: hamada Sayed | D15: Suez | E15: 2820 | F15: ='Extra info'!$B$3 -> 2000
A16: 13 | B16: 45329 | C16: Sayed Abo-Liela | D16: Cairo | E16: 9457 | F16: ='Extra info'!$B$3 -> 2000
A17: 14 | B17: 45330 | C17: Aya Raouf | D17: Tanta | E17: 5800 | F17: ='Extra info'!$B$3 -> 2000
A18: 15 | B18: 45331 | C18: Rasha Maher | D18: Cairo | E18: 6600 | F18: ='Extra info'!$B$3 -> 2000

Sheet Extra info
A1: Extra Fees | B1: 1000
A2: Tax | B2: 0.14
A3: Transportation | B3: 2000

Sheet Account Transaction - Solved
A1: Account Transaction - Solved
A3: SN | B3: Order Date | C3: Name | D3: Branch | E3: Amount | F3: Transportation | G3: Total Amount | H3: Tax Amount | I3: Total Amount after Tax
A4: 1 | B4: 45300 | C4: Ahmed Alaa | D4: Cairo | E4: 14000 | F4: ='Extra info'!$B$3 -> 2000 | G4: =SUM(E4:F4,'Extra info'!$B$1) -> 17000 | H4: =G4*'Extra info'!$B$2 -> 2380 | I4: =SUM(G4:H4) -> 19380 | K4: Total Amount | L4: =SUM(I4:I18) -> 211619.34
A5: 2 | B5: 45301 | C5: fady ibrahim | D5: Suez | E5: 7500 | F5: ='Extra info'!$B$3 -> 2000 | G5: =SUM(E5:F5,'Extra info'!$B$1) -> 10500 | H5: =G5*'Extra info'!$B$2 -> 1470 | I5: =SUM(G5:H5) -> 11970 | K5: Max | L5: =MAX(I4:I18) -> 20520
A6: 3 | B6: 45304 | C6: Amin elgebaly | D6: Tanta | E6: 15000 | F6: ='Extra info'!$B$3 -> 2000 | G6: =SUM(E6:F6,'Extra info'!$B$1) -> 18000 | H6: =G6*'Extra info'!$B$2 -> 2520 | I6: =SUM(G6:H6) -> 20520 | K6: Min | L6: =MIN(I4:I18) -> 6634.8
A7: 4 | B7: 45305 | C7: Ibrahim Ali | D7: October | E7: 10600 | F7: ='Extra info'!$B$3 -> 2000 | G7: =SUM(E7:F7,'Extra info'!$B$1) -> 13600 | H7: =G7*'Extra info'!$B$2 -> 1904 | I7: =SUM(G7:H7) -> 15504 | K7: Avg | L7: =AVERAGE(I4:I18) -> 14107.956
A8: 5 | B8: 45306 | C8: atef tareq | D8: Smart Village | E8: 12300 | F8: ='Extra info'!$B$3 -> 2000 | G8: =SUM(E8:F8,'Extra info'!$B$1) -> 15300 | H8: =G8*'Extra info'!$B$2 -> 2142 | I8: =SUM(G8:H8) -> 17442 | K8: First Order(date) | L8: =MIN(B4:B18) -> 45300
A9: 6 | B9: 45307 | C9: Merit Amr | D9: Cairo | E9: 9160 | F9: ='Extra info'!$B$3 -> 2000 | G9: =SUM(E9:F9,'Extra info'!$B$1) -> 12160 | H9: =G9*'Extra info'!$B$2 -> 1702.4 | I9: =SUM(G9:H9) -> 13862.4 | K9: Largest Tax | L9: =MAX(H4:H18) -> 2520
A10: 7 | B10: 45308 | C10: Mohamed Elshahed | D10: Suez | E10: 14460 | F10: ='Extra info'!$B$3 -> 2000 | G10: =SUM(E10:F10,'Extra info'!$B$1) -> 17460 | H10: =G10*'Extra info'!$B$2 -> 2444.4 | I10: =SUM(G10:H10) -> 19904.4 | K10: Date of Latest Order | L10: =MAX(B18) -> 45331
A11: 8 | B11: 45310 | C11: mohamed hosam | D11: Tanta | E11: 13300 | F11: ='Extra info'!$B$3 -> 2000 | G11: =SUM(E11:F11,'Extra info'!$B$1) -> 16300 | H11: =G11*'Extra info'!$B$2 -> 2282 | I11: =SUM(G11:H11) -> 18582
A12: 9 | B12: 45311 | C12: shehta fouad | D12: Suez | E12: 7020 | F12: ='Extra info'!$B$3 -> 2000 | G12: =SUM(E12:F12,'Extra info'!$B$1) -> 10020 | H12: =G12*'Extra info'!$B$2 -> 1402.8 | I12: =SUM(G12:H12) -> 11422.8
A13: 10 | B13: 45312 | C13: Moataz Mohamed | D13: Cairo | E13: 7400 | F13: ='Extra info'!$B$3 -> 2000 | G13: =SUM(E13:F13,'Extra info'!$B$1) -> 10400 | H13: =G13*'Extra info'!$B$2 -> 1456 | I13: =SUM(G13:H13) -> 11856
A14: 11 | B14: 45327 | C14: mohamed ahmed | D14: Suez | E14: 5214 | F14: ='Extra info'!$B$3 -> 2000 | G14: =SUM(E14:F14,'Extra info'!$B$1) -> 8214 | H14: =G14*'Extra info'!$B$2 -> 1149.96 | I14: =SUM(G14:H14) -> 9363.96
A15: 12 | B15: 45328 | C15: hamada Sayed | D15: Suez | E15: 2820 | F15: ='Extra info'!$B$3 -> 2000 | G15: =SUM(E15:F15,'Extra info'!$B$1) -> 5820 | H15: =G15*'Extra info'!$B$2 -> 814.8 | I15: =SUM(G15:H15) -> 6634.8
A16: 13 | B16: 45329 | C16: Sayed Abo-Liela | D16: Cairo | E16: 9457 | F16: ='Extra info'!$B$3 -> 2000 | G16: =SUM(E16:F16,'Extra info'!$B$1) -> 12457 | H16: =G16*'Extra info'!$B$2 -> 1743.98 | I16: =SUM(G16:H16) -> 14200.98
A17: 14 | B17: 45330 | C17: Aya Raouf | D17: Tanta | E17: 5800 | F17: ='Extra info'!$B$3 -> 2000 | G17: =SUM(E17:F17,'Extra info'!$B$1) -> 8800 | H17: =G17*'Extra info'!$B$2 -> 1232 | I17: =SUM(G17:H17) -> 10032
A18: 15 | B18: 45331 | C18: Rasha Maher | D18: Cairo | E18: 6600 | F18: ='Extra info'!$B$3 -> 2000 | G18: =SUM(E18:F18,'Extra info'!$B$1) -> 9600 | H18: =G18*'Extra info'!$B$2 -> 1344 | I18: =SUM(G18:H18) -> 10944
